{"stats":{"minecraft:custom":{"minecraft:time_since_rest":44005,"minecraft:walk_one_cm":32097,"minecraft:leave_game":6,"minecraft:mob_kills":1,"minecraft:damage_taken":20,"minecraft:damage_dealt":170,"minecraft:play_time":44005,"minecraft:jump":330,"minecraft:time_since_death":44005,"minecraft:drop":11,"minecraft:sprint_one_cm":17585,"minecraft:fall_one_cm":3700,"minecraft:total_world_time":44005,"minecraft:fly_one_cm":79571,"minecraft:walk_on_water_one_cm":456,"minecraft:crouch_one_cm":722,"minecraft:sneak_time":162},"minecraft:killed":{"minecraft:spider":1},"minecraft:picked_up":{"minecraft:oak_log":2,"minecraft:wheat_seeds":14},"minecraft:dropped":{"minecraft:wheat_seeds":14},"minecraft:used":{"minecraft:oak_log":2},"minecraft:mined":{"minecraft:short_grass":28,"minecraft:tall_grass":19,"minecraft:oak_log":2}},"DataVersion":4440}